word,set,pos
a,remained,other
abandon,added,noun
ability,remained,noun
able,remained,adjective
abortion,added,noun
about,remained,other
above,remained,other
abroad,remained,adverb
absence,remained,noun
absent,removed,noun
absolute,remained,noun
absolutely,added,adverb
abstract,added,noun
abuse,added,noun
academic,added,adjective
accept,remained,noun
acceptable,added,adjective
access,added,noun
accident,remained,noun
accommodation,added,noun
accompany,added,noun
accomplish,added,noun
accord,remained,noun
account,remained,noun
accurate,added,adjective
accuse,remained,noun
accustom,removed,noun
ache,removed,noun
achieve,added,noun
achievement,added,noun
acknowledge,added,noun
acquire,added,verb
acquisition,added,noun
across,remained,other
act,remained,noun
action,remained,noun
active,remained,adjective
activity,added,noun
actor,remained,noun
actress,removed,noun
actual,remained,adjective
actually,added,adverb
ad,added,noun
adapt,added,noun
add,remained,verb
addition,added,noun
additional,added,adjective
address,remained,noun
adequate,added,adjective
adjust,added,noun
adjustment,added,noun
administration,added,noun
admire,remained,noun
admission,removed,noun
admit,remained,noun
adopt,remained,noun
adoption,removed,noun
adult,added,noun
advance,remained,noun
advantage,remained,noun
adventure,remained,noun
advertise,remained,noun
advertisement,added,noun
advice,remained,noun
advise,remained,noun
adviser,added,noun
advocate,added,noun
affair,remained,noun
affect,added,noun
afford,remained,noun
afraid,remained,adjective
after,remained,other
afternoon,remained,noun
again,remained,adverb
against,remained,other
age,remained,noun
agency,remained,noun
agenda,added,noun
agent,remained,noun
aggressive,added,adjective
ago,remained,adverb
agree,remained,noun
agreement,added,noun
agricultural,added,adjective
agriculture,removed,noun
ahead,remained,adverb
aid,added,noun
aim,remained,noun
air,remained,noun
aircraft,added,noun
airline,added,noun
airplane,removed,noun
alarm,added,noun
album,added,noun
alcohol,added,noun
alike,removed,adverb
alive,remained,adjective
all,remained,other
allege,added,noun
allow,remained,verb
allowance,removed,noun
ally,added,noun
almost,remained,adverb
alone,remained,adverb
along,remained,other
alongside,added,adverb
aloud,removed,adverb
already,remained,adverb
alright,added,noun
also,remained,adverb
alter,added,noun
alternative,added,noun
although,remained,other
altogether,remained,adverb
always,remained,adverb
amaze,added,noun
ambition,removed,noun
ambitious,removed,adjective
amendment,added,noun
among,remained,other
amongst,removed,noun
amount,remained,noun
amuse,removed,noun
analysis,added,noun
analyst,added,noun
analyze,added,noun
ancient,remained,noun
and,remained,other
anger,remained,noun
angle,remained,noun
angry,remained,adjective
animal,remained,noun
announce,added,noun
announcement,added,noun
annoy,removed,noun
annoyance,removed,noun
annual,added,adjective
another,remained,other
answer,remained,noun
anticipate,added,noun
anxiety,remained,noun
anxious,remained,adjective
any,remained,other
anybody,remained,noun
anyhow,removed,adverb
anymore,added,adverb
anyone,remained,noun
anything,remained,noun
anyway,remained,adverb
anywhere,remained,adverb
apart,remained,adverb
apartment,added,noun
apologize,added,verb
apology,removed,noun
apparent,added,adjective
apparently,added,adverb
appeal,added,noun
appear,remained,verb
appearance,remained,noun
applaud,removed,noun
applause,removed,noun
apple,removed,noun
application,remained,noun
apply,remained,verb
appoint,remained,noun
appointment,added,noun
appreciate,added,noun
approach,added,noun
appropriate,added,noun
approval,added,noun
approve,remained,verb
approximately,added,adverb
arch,removed,noun
architecture,added,noun
area,added,noun
argue,remained,noun
argument,added,noun
arise,remained,noun
arm,remained,noun
army,remained,noun
around,remained,other
arrange,remained,noun
arrangement,added,noun
arrest,remained,noun
arrival,added,noun
arrive,remained,verb
arrow,removed,noun
art,remained,noun
article,remained,noun
artificial,removed,adjective
artist,added,noun
as,remained,other
ash,removed,noun
ashamed,remained,verb
aside,remained,adverb
ask,remained,noun
asleep,removed,noun
assess,added,noun
assessment,added,noun
asset,added,noun
assign,added,noun
assist,added,noun
assistance,added,noun
assistant,added,noun
associate,added,noun
association,remained,noun
assume,added,verb
assumption,added,noun
assure,added,noun
astonish,removed,verb
at,remained,other
athlete,added,noun
atmosphere,added,noun
attach,added,noun
attachment,added,noun
attack,remained,noun
attempt,remained,noun
attend,remained,noun
attendance,added,noun
attention,remained,noun
attentive,removed,adjective
attitude,added,noun
attract,remained,noun
attraction,remained,noun
attractive,remained,adjective
attribute,added,noun
audience,remained,noun
aunt,remained,noun
author,added,noun
automatically,added,adverb
autumn,remained,noun
available,added,adjective
avenue,removed,noun
average,remained,adjective
avoid,remained,noun
avoidance,removed,noun
awake,removed,noun
award,added,noun
aware,added,adjective
awareness,added,noun
away,remained,adverb
awful,added,noun
awkward,removed,adjective
axe,removed,noun
baby,remained,noun
back,remained,adverb
background,added,noun
backward,removed,noun
bad,remained,adjective
badly,added,adverb
bag,remained,noun
baggage,removed,noun
bake,removed,noun
balance,remained,noun
ball,remained,noun
ban,added,noun
band,remained,noun
bank,remained,noun
bar,remained,noun
barber,removed,noun
bare,removed,noun
barely,added,adverb
bargain,removed,noun
barrel,removed,noun
barrier,added,noun
base,remained,noun
basic,remained,adjective
basically,added,adverb
basin,removed,noun
basis,remained,noun
basket,removed,noun
bath,remained,noun
bathe,removed,noun
battle,remained,noun
bay,removed,noun
be,remained,verb
beach,added,noun
beak,removed,noun
beam,removed,noun
bean,removed,noun
bear,remained,noun
beard,removed,noun
beast,removed,noun
beat,remained,noun
beautiful,added,adjective
beauty,remained,noun
because,remained,other
become,remained,noun
bed,remained,noun
bedroom,remained,noun
beer,added,noun
before,remained,other
beg,removed,noun
begin,remained,noun
behave,remained,noun
behavior,remained,noun
behind,remained,other
being,removed,verb
belief,remained,noun
believe,remained,verb
bell,remained,noun
belong,remained,noun
below,remained,other
belt,remained,noun
bend,remained,noun
beneath,remained,adverb
benefit,added,noun
berry,removed,noun
beside,remained,noun
besides,remained,other
best,removed,adjective
bet,added,noun
better,removed,adverb
between,remained,other
beyond,remained,other
bias,added,noun
bicycle,removed,noun
bid,added,noun
big,remained,adjective
bike,added,noun
bill,remained,noun
bin,added,noun
bind,remained,noun
biological,added,adjective
bird,remained,noun
birth,remained,noun
bit,remained,noun
bite,remained,noun
bitter,removed,noun
black,remained,adjective
blade,removed,noun
blame,remained,noun
bleed,removed,noun
bless,remained,noun
blind,remained,noun
block,remained,noun
blog,added,noun
blood,remained,noun
bloody,added,noun
blow,remained,noun
blue,remained,noun
board,remained,noun
boast,removed,noun
boat,remained,noun
body,remained,noun
boil,removed,noun
bold,removed,noun
bomb,added,noun
bond,added,noun
bone,remained,noun
book,remained,noun
boom,added,noun
boost,added,noun
boot,added,noun
border,remained,noun
bore,added,noun
borrow,remained,noun
boss,added,noun
both,remained,other
bother,added,noun
bottle,remained,noun
bottom,remained,noun
bound,removed,adjective
boundary,remained,noun
bow,removed,noun
bowl,remained,noun
box,remained,noun
boy,remained,noun
brain,remained,noun
branch,remained,noun
brand,added,noun
brass,removed,noun
brave,removed,noun
bravery,removed,noun
bread,remained,noun
breadth,removed,noun
break,remained,noun
breakfast,remained,noun
breast,added,noun
breath,remained,noun
breathe,remained,noun
breed,added,noun
bribe,removed,noun
bribery,removed,noun
brick,removed,noun
bridge,remained,noun
brief,added,noun
briefly,added,adverb
bright,remained,noun
brighten,removed,noun
brilliant,added,adjective
bring,remained,noun
broad,remained,adjective
broadcast,remained,noun
brother,remained,noun
brown,remained,noun
brush,remained,noun
bucket,removed,noun
budget,added,noun
build,remained,noun
bunch,remained,noun
bundle,removed,noun
burden,added,noun
burn,remained,noun
burst,remained,noun
bury,remained,noun
bus,remained,noun
bush,removed,noun
business,remained,noun
businesslike,removed,adjective
businessman,removed,noun
busy,remained,adjective
but,remained,other
butter,removed,noun
button,remained,noun
buy,remained,verb
buyer,added,noun
by,remained,other
cable,added,noun
cage,removed,noun
cake,remained,noun
calculate,remained,noun
calculation,removed,noun
calculator,removed,noun
call,remained,noun
calm,remained,noun
camera,remained,noun
camp,remained,noun
campaign,added,noun
can,remained,other
canal,removed,noun
cancel,added,noun
cancer,added,noun
candidate,added,noun
cap,remained,noun
capability,added,noun
capable,added,adjective
capacity,added,noun
cape,removed,noun
capital,remained,noun
captain,removed,noun
capture,added,noun
car,remained,noun
carbon,added,noun
card,remained,noun
care,remained,noun
career,added,noun
careful,added,adjective
carefully,added,adverb
carpet,added,noun
carriage,removed,noun
carry,remained,noun
cart,removed,noun
case,remained,noun
cash,added,noun
cast,added,noun
castle,remained,noun
cat,remained,noun
catalog,added,noun
catch,remained,noun
category,added,noun
cattle,removed,noun
cause,remained,noun
caution,removed,noun
cautious,removed,adjective
cave,removed,noun
celebrate,added,noun
celebration,added,noun
cell,added,noun
cent,remained,noun
center,remained,noun
central,added,adjective
century,remained,noun
ceremony,remained,noun
certain,remained,adjective
certainly,added,adverb
certainty,removed,noun
chain,remained,noun
chair,remained,noun
chairman,remained,noun
chalk,removed,noun
challenge,added,noun
chamber,added,noun
champion,added,noun
championship,added,noun
chance,remained,noun
change,remained,noun
channel,added,noun
chapter,added,noun
character,remained,noun
characteristic,added,adjective
characterize,added,noun
charge,remained,noun
charity,added,noun
charm,remained,noun
chart,added,noun
chase,added,noun
chat,added,noun
cheap,remained,adjective
cheat,removed,noun
check,remained,noun
cheek,added,noun
cheer,removed,noun
cheese,remained,noun
chemical,added,noun
chest,remained,noun
chicken,remained,noun
chief,remained,noun
child,remained,noun
childhood,remained,noun
chimney,removed,noun
chip,added,noun
chocolate,added,noun
choice,remained,noun
choose,remained,noun
christmas,removed,noun
church,remained,noun
cigarette,added,noun
circle,remained,noun
circular,removed,noun
circumstance,added,noun
cite,added,noun
citizen,remained,noun
city,remained,noun
civil,added,adjective
civilian,added,adjective
civilize,removed,noun
claim,remained,noun
class,remained,noun
classic,added,adjective
classical,added,adjective
classification,removed,noun
classify,removed,noun
clause,added,noun
clay,removed,noun
clean,remained,noun
clear,remained,adjective
clearly,added,adverb
clerk,removed,noun
clever,removed,adjective
click,added,noun
cliff,removed,noun
climate,added,noun
climb,remained,noun
clinical,added,adjective
clock,remained,noun
close,remained,adverb
closely,added,adverb
cloth,removed,noun
clothe,removed,noun
clothes,added,noun
clothing,added,noun
cloud,remained,noun
club,remained,noun
cluster,added,noun
coach,added,noun
coal,remained,noun
coarse,removed,adjective
coast,remained,noun
coat,remained,noun
code,added,noun
coffee,remained,noun
coin,remained,noun
cold,remained,noun
collapse,added,noun
collar,removed,noun
colleague,added,noun
collect,remained,noun
collection,remained,noun
collector,removed,noun
college,remained,noun
colony,removed,noun
color,remained,noun
column,added,noun
comb,removed,noun
combination,added,noun
combine,remained,noun
come,remained,verb
comedy,added,noun
comfort,remained,noun
comfortable,added,adjective
command,remained,noun
comment,added,noun
commerce,removed,noun
commercial,remained,adjective
commission,added,noun
commit,added,noun
commitment,added,noun
committee,remained,noun
common,remained,adjective
communicate,added,noun
communication,added,noun
community,added,noun
companion,removed,noun
companionship,removed,noun
company,remained,noun
compare,remained,noun
comparison,remained,noun
compensation,added,noun
compete,remained,noun
competition,remained,noun
competitive,added,adjective
competitor,remained,noun
complain,remained,noun
complaint,remained,noun
complete,remained,adjective
completely,added,adverb
completion,removed,noun
complex,added,adjective
complexity,added,noun
complicate,remained,noun
complication,removed,noun
component,added,noun
compose,remained,noun
composition,remained,noun
compound,added,noun
comprehensive,added,noun
comprise,added,noun
compromise,added,noun
compute,added,noun
computer,added,noun
concentrate,added,noun
concentration,added,noun
concept,added,noun
concern,remained,noun
concert,added,noun
conclude,added,noun
conclusion,added,noun
concrete,added,noun
condition,remained,noun
conduct,added,noun
conference,added,noun
confess,removed,noun
confession,removed,noun
confidence,remained,noun
confident,remained,adjective
confidential,removed,adjective
confirm,added,noun
conflict,added,noun
confuse,remained,noun
confusion,remained,noun
congratulate,removed,noun
congratulations,removed,noun
connect,remained,noun
connection,remained,noun
conquer,removed,noun
conqueror,removed,noun
conquest,removed,noun
conscience,removed,noun
conscious,removed,adjective
consequence,added,noun
consequently,added,adverb
conservative,added,adjective
consider,remained,verb
considerable,added,adjective
consideration,added,noun
consist,added,noun
consistent,added,adjective
constant,added,adjective
constantly,added,adverb
constitute,added,noun
constraint,added,noun
construct,added,noun
construction,added,noun
consult,added,noun
consultant,added,noun
consume,added,noun
consumer,added,noun
contact,added,noun
contain,remained,noun
contemporary,added,adjective
content,remained,noun
contest,added,noun
context,added,noun
continue,remained,noun
continuous,added,adjective
contract,added,noun
contrast,added,noun
contribute,added,noun
contribution,added,noun
control,remained,noun
controversial,added,adjective
convenience,removed,noun
convenient,removed,adjective
convention,added,noun
conventional,added,adjective
conversation,remained,noun
convert,added,noun
convince,added,noun
cook,remained,noun
cool,remained,noun
cooperation,added,noun
cope,added,noun
copper,removed,noun
copy,remained,noun
core,added,noun
cork,removed,noun
corn,removed,noun
corner,remained,noun
corporate,added,adjective
corporation,added,noun
correct,remained,noun
correction,removed,noun
correspond,added,noun
cost,remained,noun
cottage,removed,noun
cotton,removed,noun
cough,remained,noun
could,remained,other
council,remained,noun
counsel,added,noun
count,remained,noun
counter,added,noun
country,remained,noun
county,added,noun
couple,added,noun
courage,removed,noun
course,remained,noun
court,remained,noun
cousin,remained,noun
cover,remained,noun
coverage,added,noun
cow,remained,noun
coward,removed,noun
cowardice,removed,noun
crack,remained,noun
craft,added,noun
crash,remained,noun
crazy,added,noun
cream,remained,noun
create,added,noun
creation,added,noun
creative,added,adjective
creature,remained,noun
credit,added,noun
creep,removed,noun
crew,added,noun
crime,remained,noun
criminal,remained,adjective
crisis,added,noun
criteria,added,noun
critic,remained,noun
critical,added,adjective
criticism,added,noun
criticize,added,verb
crop,remained,noun
cross,remained,noun
crowd,remained,noun
crown,removed,noun
crucial,added,adjective
cruel,removed,adjective
crush,removed,noun
cry,remained,noun
cultivate,removed,noun
cultivation,removed,noun
cultivator,removed,noun
cultural,added,adjective
culture,added,noun
cup,remained,noun
cupboard,removed,noun
cure,removed,noun
curious,remained,adjective
curl,removed,noun
currency,added,noun
current,remained,adjective
currently,added,adverb
curse,removed,noun
curtain,remained,noun
curve,remained,noun
cushion,removed,noun
custom,remained,noun
customary,removed,adjective
customer,remained,noun
cut,remained,noun
cycle,added,noun
dad,added,noun
daily,remained,adjective
damage,remained,noun
damn,added,noun
damp,removed,noun
dance,remained,noun
danger,remained,noun
dangerous,added,adjective
dare,remained,noun
dark,remained,noun
darken,removed,noun
darkness,added,noun
data,added,noun
database,added,noun
date,remained,noun
daughter,remained,noun
day,remained,noun
daylight,removed,noun
dead,remained,adjective
deaf,removed,noun
deafen,removed,noun
deal,remained,noun
dealer,added,noun
dear,remained,noun
death,remained,noun
debate,added,noun
debt,remained,noun
decade,added,noun
decay,removed,noun
deceit,removed,noun
deceive,removed,noun
decide,remained,noun
decision,remained,noun
decisive,removed,adjective
declare,remained,noun
decline,added,noun
decrease,remained,noun
dedicate,added,noun
deed,removed,noun
deep,remained,noun
deepen,removed,verb
deeply,added,adverb
deer,removed,noun
defeat,remained,noun
defend,remained,noun
defendant,removed,noun
defense,remained,noun
deficit,added,noun
define,added,noun
definitely,added,adverb
definition,added,noun
degree,remained,noun
delay,remained,noun
delicate,removed,adjective
delight,remained,noun
deliver,remained,noun
delivery,remained,noun
demand,remained,noun
democracy,added,noun
democratic,added,adjective
demonstrate,added,noun
demonstration,added,noun
density,added,noun
deny,added,noun
department,remained,noun
depend,remained,noun
dependence,removed,noun
dependent,remained,noun
deposit,added,noun
depress,added,noun
depression,added,noun
depth,remained,noun
derive,added,noun
descend,removed,noun
descendant,removed,noun
descent,removed,noun
describe,remained,noun
description,remained,noun
desert,remained,noun
deserve,remained,noun
design,added,noun
designer,added,noun
desire,remained,noun
desk,remained,noun
despair,removed,noun
despite,added,other
destroy,remained,noun
destruction,remained,noun
destructive,removed,adjective
detail,remained,noun
detect,added,noun
determination,added,noun
determine,remained,noun
develop,remained,verb
development,added,noun
device,added,noun
devil,removed,noun
devote,added,noun
dialog,added,noun
diamond,removed,noun
dictionary,removed,noun
die,remained,noun
diet,added,noun
differ,added,noun
difference,remained,noun
different,remained,adjective
differently,added,adverb
difficult,remained,adjective
difficulty,remained,noun
dig,remained,noun
digital,added,adjective
dimension,added,noun
dine,removed,noun
dinner,remained,noun
dip,removed,noun
direct,remained,adjective
direction,remained,noun
directly,added,adverb
director,remained,noun
dirt,removed,noun
dirty,added,noun
disagree,remained,noun
disappear,remained,noun
disappearance,removed,noun
disappoint,remained,noun
disapprove,removed,noun
disaster,added,noun
discipline,remained,noun
discomfort,removed,noun
discontent,removed,noun
discount,added,noun
discover,remained,noun
discovery,remained,noun
discuss,remained,verb
discussion,remained,noun
disease,remained,noun
disgust,removed,noun
dish,remained,noun
disk,added,noun
dismiss,remained,noun
disorder,added,noun
display,added,noun
dispute,added,noun
disregard,removed,noun
disrespect,removed,noun
dissatisfaction,removed,noun
dissatisfied,removed,adjective
distance,remained,noun
distant,remained,adjective
distinct,added,adjective
distinction,added,noun
distinguish,remained,noun
distribute,added,noun
district,remained,noun
disturb,remained,noun
ditch,removed,noun
dive,removed,noun
diversity,added,noun
divide,remained,noun
division,remained,noun
divorce,added,noun
do,remained,verb
doctor,remained,noun
document,added,noun
dog,remained,noun
dollar,remained,noun
domestic,added,adjective
dominate,added,noun
donkey,removed,noun
door,remained,noun
dot,removed,noun
double,remained,adverb
doubt,remained,noun
down,remained,adverb
dozen,remained,noun
draft,added,noun
drag,remained,noun
drama,added,noun
dramatic,added,adjective
dramatically,added,adverb
draw,remained,noun
drawer,removed,noun
dream,remained,noun
dress,remained,noun
drink,remained,noun
drive,remained,noun
driver,added,noun
drop,remained,noun
drown,removed,noun
drug,added,noun
drum,removed,noun
dry,remained,noun
duck,removed,noun
due,remained,adjective
dull,removed,noun
during,remained,other
dust,remained,noun
duty,remained,noun
each,remained,other
eager,removed,noun
ear,remained,noun
early,remained,adverb
earn,remained,noun
earnest,removed,noun
earth,remained,noun
ease,remained,noun
easily,added,adverb
east,remained,noun
eastern,remained,adjective
easy,remained,adjective
eat,remained,noun
economic,added,adjective
economy,added,noun
edge,remained,noun
edit,added,noun
edition,added,noun
editor,added,noun
educate,remained,noun
education,remained,noun
educational,added,adjective
educator,removed,noun
effect,remained,noun
effective,remained,adjective
effectively,added,adverb
efficiency,remained,noun
efficient,remained,adjective
effort,remained,noun
egg,remained,noun
either,remained,other
elastic,removed,adjective
elder,removed,noun
elderly,added,adjective
elect,remained,noun
election,remained,noun
electric,remained,adjective
electrician,removed,noun
electricity,added,noun
electronic,added,adjective
element,added,noun
elephant,removed,noun
eliminate,added,noun
else,remained,adverb
elsewhere,remained,adverb
email,added,noun
embarrass,added,noun
embrace,added,noun
emerge,added,noun
emergency,added,noun
emotion,added,noun
emotional,added,adjective
emphasis,added,noun
emphasize,added,verb
empire,remained,noun
employ,remained,noun
employee,remained,noun
employer,added,noun
employment,added,noun
empty,remained,adjective
enable,added,verb
enclose,removed,verb
enclosure,removed,noun
encounter,added,noun
encourage,remained,noun
end,remained,noun
enemy,remained,noun
energy,added,noun
engage,added,noun
engine,remained,noun
engineer,remained,noun
english,removed,adjective
enhance,added,noun
enjoy,remained,noun
enormous,added,adjective
enough,remained,adverb
ensure,added,verb
enter,remained,noun
enterprise,added,noun
entertain,remained,noun
entertainment,added,noun
entire,remained,adjective
entirely,added,adverb
entitle,added,noun
entrance,remained,noun
entry,added,noun
envelope,remained,noun
environment,added,noun
environmental,added,adjective
envy,removed,noun
episode,added,noun
equal,remained,adjective
equally,added,adverb
equation,added,noun
equipment,added,noun
equivalent,added,noun
era,added,noun
error,added,noun
escape,remained,noun
especially,remained,adverb
essay,added,noun
essence,removed,noun
essential,remained,adjective
establish,added,verb
establishment,added,noun
estate,added,noun
estimate,added,noun
ethnic,added,adjective
evaluate,added,noun
evaluation,added,noun
even,remained,adverb
evening,remained,noun
event,remained,noun
eventually,added,adverb
ever,remained,adverb
everlasting,removed,verb
every,remained,other
everybody,remained,noun
everyday,remained,adjective
everyone,remained,noun
everything,remained,noun
everywhere,remained,adverb
evidence,added,noun
evil,remained,noun
evolution,added,noun
evolve,added,noun
exact,remained,noun
exactly,added,adverb
exam,added,noun
examination,added,noun
examine,remained,noun
example,remained,noun
exceed,added,noun
excellence,removed,noun
excellent,remained,adjective
except,remained,other
exception,remained,noun
excess,remained,noun
excessive,removed,adjective
exchange,remained,noun
excite,remained,noun
excitement,added,noun
exclude,added,noun
excuse,remained,noun
executive,added,noun
exercise,remained,noun
exhaust,added,noun
exhibit,added,noun
exhibition,added,noun
exist,remained,noun
existence,remained,noun
expand,added,noun
expansion,added,noun
expect,remained,verb
expectation,added,noun
expenditure,added,noun
expense,remained,noun
expensive,remained,adjective
experience,remained,noun
experiment,remained,noun
experimental,added,adjective
expert,added,noun
explain,remained,noun
explanation,added,noun
explode,removed,noun
explore,remained,noun
explosion,removed,noun
explosive,removed,adjective
export,added,noun
expose,added,verb
exposure,added,noun
express,remained,noun
expression,remained,noun
extend,remained,noun
extension,remained,noun
extensive,remained,adjective
extent,remained,noun
external,added,adjective
extra,remained,adjective
extract,added,noun
extraordinary,remained,adjective
extreme,remained,noun
extremely,added,adverb
eye,remained,noun
face,remained,noun
facility,added,noun
fact,remained,noun
factor,added,noun
factory,remained,noun
fade,remained,noun
fail,remained,noun
failure,remained,noun
faint,removed,noun
fair,remained,noun
fairly,added,adverb
faith,remained,noun
faithfully,added,adverb
fall,remained,noun
false,remained,adjective
fame,removed,noun
familiar,remained,adjective
family,remained,noun
famous,added,adjective
fan,remained,noun
fancy,remained,noun
fantastic,added,adjective
far,remained,adverb
farm,remained,noun
farmer,added,noun
fascinate,added,noun
fashion,remained,noun
fast,remained,noun
fasten,removed,noun
fat,remained,noun
fate,removed,noun
father,remained,noun
fatten,removed,noun
fault,remained,noun
favor,remained,noun
favorite,remained,noun
fear,remained,noun
feast,removed,noun
feather,removed,noun
feature,added,noun
federal,added,adjective
fee,added,noun
feed,remained,noun
feel,remained,noun
fellow,remained,noun
fellowship,removed,noun
female,remained,noun
fence,remained,noun
festival,added,noun
fever,removed,noun
few,remained,adjective
fiction,added,noun
field,remained,noun
fierce,removed,adjective
fight,remained,noun
figure,remained,noun
file,added,noun
fill,remained,noun
film,remained,noun
filter,added,noun
final,added,adjective
finally,added,adverb
finance,added,noun
financial,added,adjective
find,remained,verb
fine,remained,noun
finger,remained,noun
finish,remained,noun
fire,remained,noun
firm,remained,noun
firmly,added,adverb
first,remained,adverb
firstly,added,adverb
fish,remained,noun
fit,remained,noun
fix,remained,noun
flag,remained,noun
flame,removed,noun
flash,remained,noun
flat,remained,adjective
flatten,removed,noun
flavor,removed,noun
flesh,removed,noun
flexible,added,adjective
flight,added,noun
float,remained,noun
flood,remained,noun
floor,remained,noun
flour,removed,noun
flow,remained,noun
flower,remained,noun
fly,remained,noun
focus,added,noun
fold,remained,noun
folk,added,noun
follow,remained,verb
fond,removed,adjective
food,remained,noun
fool,remained,noun
foot,remained,noun
football,added,noun
for,remained,other
forbid,removed,noun
force,remained,noun
forecast,added,noun
foreign,remained,adjective
forest,remained,noun
forever,added,adverb
forget,remained,noun
forgive,removed,verb
fork,removed,noun
form,remained,noun
formal,remained,adjective
format,added,noun
formation,added,noun
former,remained,adjective
formula,added,noun
forth,remained,noun
fortunate,remained,adjective
fortune,remained,noun
forward,remained,adverb
found,added,verb
foundation,added,noun
fragment,added,noun
frame,remained,noun
framework,remained,noun
free,remained,adjective
freedom,remained,noun
freeze,remained,noun
frequency,remained,noun
frequent,remained,noun
frequently,added,adverb
fresh,remained,adjective
friend,remained,noun
friendly,remained,adjective
friendship,remained,noun
fright,removed,noun
frighten,remained,noun
from,remained,other
front,remained,noun
fruit,remained,noun
fry,removed,noun
fuel,added,noun
fulfill,added,noun
full,remained,adjective
fully,added,adverb
fun,remained,noun
function,added,noun
functional,added,adjective
fund,added,noun
fundamental,added,adjective
funeral,removed,noun
funny,remained,noun
fur,removed,noun
furnish,removed,verb
furniture,remained,noun
further,remained,adverb
furthermore,added,adverb
future,remained,noun
gaiety,removed,noun
gain,remained,noun
gallery,added,noun
gallon,removed,noun
game,remained,noun
gap,remained,noun
garage,removed,noun
garden,remained,noun
gas,remained,noun
gate,remained,noun
gather,remained,noun
gay,remained,noun
gaze,added,noun
gear,added,noun
gender,added,noun
gene,added,noun
general,remained,adjective
generally,added,adverb
generate,added,noun
generation,added,noun
generous,removed,adjective
genetic,added,adjective
gentle,remained,noun
gentleman,remained,noun
gently,added,adverb
genuine,added,adjective
gesture,added,noun
get,remained,verb
giant,added,noun
gift,remained,noun
girl,remained,noun
give,remained,verb
glad,remained,noun
glance,added,noun
glass,remained,noun
global,added,adjective
glory,removed,noun
go,remained,verb
goal,added,noun
goat,removed,noun
god,remained,noun
gold,remained,noun
golden,remained,adjective
golf,added,noun
good,remained,adjective
govern,remained,noun
government,added,noun
governor,remained,noun
grab,added,noun
grace,removed,noun
grade,added,noun
gradual,removed,adjective
gradually,added,adverb
graduate,added,noun
grain,remained,noun
grammar,remained,noun
grammatical,removed,adjective
grand,remained,adjective
grandmother,added,noun
grant,added,noun
grass,remained,noun
grateful,remained,adjective
grave,removed,noun
gray,remained,noun
grease,removed,noun
great,remained,adjective
greatly,added,adverb
greed,removed,noun
green,remained,adjective
greet,remained,noun
grin,added,noun
grind,removed,noun
ground,remained,noun
group,remained,noun
grow,remained,noun
growth,remained,noun
guarantee,added,noun
guard,remained,noun
guess,remained,noun
guest,remained,noun
guide,remained,noun
guideline,added,noun
guilt,removed,noun
guilty,added,adjective
guitar,added,noun
gun,remained,noun
guy,added,noun
habit,remained,noun
hair,remained,noun
half,remained,noun
hall,remained,noun
hammer,removed,noun
hand,remained,noun
handkerchief,removed,noun
handle,remained,noun
handshake,removed,noun
handwriting,removed,verb
hang,remained,noun
happen,remained,verb
happiness,added,noun
happy,remained,adjective
harbor,remained,noun
hard,remained,adjective
harden,removed,noun
hardly,remained,adverb
harm,remained,noun
harvest,removed,noun
haste,removed,noun
hasten,removed,noun
hat,remained,noun
hate,remained,noun
hatred,removed,verb
have,remained,verb
hay,removed,noun
he,remained,other
head,remained,noun
headache,removed,noun
headdress,removed,noun
heal,removed,noun
health,remained,noun
healthy,added,adjective
heap,removed,noun
hear,remained,noun
heart,remained,noun
heat,remained,noun
heaven,removed,noun
heavenly,removed,adjective
heavily,added,adverb
heavy,remained,adjective
height,remained,noun
heighten,removed,noun
hell,added,noun
hello,remained,noun
help,remained,noun
helpful,added,adjective
hence,added,adverb
here,remained,adverb
hero,added,noun
herself,added,noun
hesitate,remained,noun
hesitation,removed,noun
hi,added,noun
hide,remained,noun
high,remained,adjective
highlight,added,noun
highly,added,adverb
highway,removed,noun
hill,remained,noun
himself,added,other
hinder,removed,verb
hindrance,removed,noun
hint,added,noun
hire,remained,noun
historian,added,noun
historic,added,adjective
historical,added,adjective
history,remained,noun
hit,remained,noun
hold,remained,noun
holder,added,noun
hole,remained,noun
holiday,remained,noun
hollow,removed,noun
holy,removed,noun
home,remained,noun
homecoming,removed,verb
homemade,removed,adjective
homework,removed,noun
honest,remained,adjective
honesty,removed,noun
honor,remained,noun
hook,remained,noun
hope,remained,noun
hopefully,added,adverb
horizon,removed,noun
horizontal,removed,noun
horrible,added,adjective
horse,remained,noun
hospital,remained,noun
host,remained,noun
hot,remained,adjective
hotel,remained,noun
hour,remained,noun
house,remained,noun
household,added,noun
how,remained,other
however,remained,adverb
huge,added,adjective
human,remained,noun
humble,removed,adjective
humor,added,noun
hunger,remained,noun
hunt,remained,noun
hurrah,removed,noun
hurry,remained,noun
hurt,remained,noun
husband,remained,noun
hut,removed,noun
hypothesis,added,noun
i,remained,noun
ice,remained,noun
idea,remained,noun
ideal,remained,noun
identify,added,verb
identity,added,noun
idle,removed,adjective
if,remained,other
ignore,added,noun
ill,remained,noun
illegal,added,adjective
illness,added,noun
illustrate,added,noun
illustration,added,noun
image,added,noun
imaginary,removed,adjective
imagination,added,noun
imaginative,removed,adjective
imagine,remained,noun
imitate,removed,noun
imitation,removed,noun
immediate,remained,adjective
immediately,added,adverb
immense,removed,adjective
immigrant,added,noun
immigration,added,noun
implement,added,noun
implementation,added,noun
implication,added,noun
imply,added,noun
import,added,noun
importance,remained,noun
important,remained,adjective
impose,added,verb
impossible,remained,adjective
impress,added,noun
impression,added,noun
impressive,added,adjective
improve,remained,verb
improvement,added,noun
in,remained,other
incentive,added,noun
inch,remained,noun
incident,added,noun
include,remained,noun
inclusive,removed,adjective
income,added,noun
incorporate,added,noun
increase,remained,noun
increasingly,added,adverb
indeed,remained,adverb
independence,added,noun
independent,added,adjective
index,added,noun
indicate,added,noun
indication,added,noun
individual,added,adjective
indoor,removed,adjective
industrial,added,adjective
industry,remained,noun
infant,added,noun
infection,added,noun
inflation,added,noun
influence,remained,noun
influential,removed,adjective
inform,remained,noun
information,added,noun
initial,added,adjective
initially,added,adverb
initiative,added,noun
injure,added,noun
injury,added,noun
ink,removed,noun
inn,removed,noun
inner,added,adjective
innocent,added,noun
innovation,added,noun
input,added,noun
inquire,removed,noun
inquiry,remained,noun
insect,removed,noun
inside,remained,other
insight,added,noun
insist,added,noun
inspire,added,noun
install,added,noun
instance,added,noun
instant,removed,noun
instead,remained,adverb
institution,added,noun
institutional,added,adjective
instruction,added,noun
instrument,remained,noun
insult,removed,noun
insurance,remained,noun
insure,remained,noun
integrate,added,noun
intellectual,added,adjective
intelligence,added,noun
intend,remained,noun
intense,added,adjective
intention,remained,noun
interaction,added,noun
interest,remained,noun
interfere,removed,verb
interference,removed,noun
interior,added,noun
internal,added,adjective
international,remained,adjective
interpret,added,noun
interpretation,added,noun
interrupt,removed,noun
interruption,removed,noun
intervention,added,noun
interview,added,noun
into,remained,other
introduce,remained,noun
introduction,remained,noun
invent,remained,noun
invention,removed,noun
inventor,removed,noun
invest,added,noun
investigate,added,noun
investigation,added,noun
investment,added,noun
investor,added,noun
invitation,added,noun
invite,remained,noun
involve,added,noun
involvement,added,noun
inward,removed,noun
iron,remained,noun
island,remained,noun
isolate,added,noun
issue,added,noun
it,remained,other
item,added,noun
itself,added,other
jacket,added,noun
jail,added,noun
jaw,removed,noun
jealous,removed,adjective
jealousy,removed,noun
jewel,removed,noun
job,added,noun
join,remained,noun
joint,remained,noun
joke,remained,noun
journal,added,noun
journalist,added,noun
journey,remained,noun
joy,remained,noun
judge,remained,noun
judgment,added,noun
juice,removed,noun
jump,remained,noun
jury,added,noun
just,remained,adverb
justice,remained,noun
justify,added,noun
keen,added,noun
keep,remained,verb
key,remained,noun
kick,remained,noun
kid,added,noun
kill,remained,noun
kind,remained,noun
king,remained,noun
kingdom,removed,noun
kiss,remained,noun
kitchen,remained,noun
knee,remained,noun
kneel,removed,noun
knife,remained,noun
knock,remained,noun
knot,removed,noun
know,remained,verb
knowledge,remained,noun
label,added,noun
labor,added,noun
laboratory,added,noun
lack,remained,noun
ladder,removed,noun
lady,remained,noun
lake,remained,noun
lamp,removed,noun
land,remained,noun
landlord,removed,noun
landscape,added,noun
language,remained,noun
large,remained,adjective
largely,added,adverb
last,remained,adjective
late,remained,adverb
lately,removed,adverb
latter,remained,noun
laugh,remained,noun
laughter,remained,noun
launch,added,noun
law,remained,noun
lawyer,remained,noun
lay,remained,noun
layer,added,noun
lazy,remained,adjective
lead,remained,noun
leader,added,noun
leadership,remained,noun
leaf,removed,noun
league,added,noun
lean,remained,noun
leap,added,noun
learn,remained,noun
least,remained,adjective
leather,remained,noun
leave,remained,verb
lecture,added,noun
left,remained,noun
leg,remained,noun
legal,added,adjective
legislation,added,noun
lend,remained,noun
length,remained,noun
lengthen,removed,noun
less,remained,adverb
lessen,removed,noun
lesson,remained,noun
let,remained,verb
letter,remained,noun
level,remained,noun
liability,added,noun
liar,removed,noun
liberal,added,adjective
liberty,removed,noun
librarian,removed,noun
library,remained,noun
license,added,noun
lid,removed,noun
lie,remained,noun
life,remained,noun
lift,remained,noun
light,remained,noun
lighten,removed,noun
like,remained,other
likely,remained,adjective
limb,removed,noun
limit,remained,noun
limitation,added,noun
line,remained,noun
link,added,noun
lip,remained,noun
lipstick,removed,noun
liquid,remained,noun
list,remained,noun
listen,remained,noun
listener,added,noun
literally,added,adverb
literary,remained,adjective
literature,remained,noun
little,remained,adjective
live,remained,adjective
load,remained,noun
loaf,removed,noun
loan,remained,noun
local,remained,adjective
locate,added,noun
location,added,noun
lock,remained,noun
lodge,removed,noun
log,remained,noun
logic,added,noun
lonely,removed,adjective
long,remained,adverb
look,remained,noun
loose,remained,adjective
loosen,removed,noun
lord,removed,noun
lose,remained,verb
loss,remained,noun
lot,remained,noun
loud,remained,noun
love,remained,noun
lovely,remained,adjective
lover,added,noun
low,remained,adjective
loyal,removed,adjective
loyalty,removed,noun
luck,remained,noun
lucky,added,adjective
lump,removed,noun
lunch,remained,noun
lung,removed,noun
luxury,added,noun
machine,remained,noun
machinery,removed,noun
mad,remained,adjective
madden,removed,noun
magazine,added,noun
magic,added,noun
mail,remained,noun
main,remained,adjective
mainly,added,adverb
maintain,added,noun
maintenance,added,noun
major,added,adjective
majority,added,noun
make,remained,verb
maker,added,noun
male,remained,noun
man,remained,noun
manage,remained,noun
management,added,noun
manager,added,noun
mankind,removed,noun
manner,remained,noun
manufacture,remained,noun
manufacturer,added,noun
many,remained,adjective
map,remained,noun
march,remained,noun
margin,added,noun
mark,remained,noun
market,remained,noun
marriage,remained,noun
marry,remained,noun
mass,remained,noun
massive,added,adjective
master,remained,noun
mat,removed,noun
match,remained,noun
mate,added,noun
material,remained,noun
mathematics,added,noun
matter,remained,noun
mature,added,noun
maximum,added,noun
may,remained,other
maybe,remained,adverb
mayor,added,noun
meal,remained,noun
mean,remained,noun
meantime,removed,noun
meanwhile,remained,adverb
measure,remained,noun
measurement,added,noun
meat,remained,noun
mechanic,removed,noun
mechanism,remained,noun
medical,remained,adjective
medicine,remained,noun
medium,added,noun
meet,remained,noun
melt,removed,noun
member,remained,noun
membership,remained,noun
memory,remained,noun
mend,removed,noun
mental,added,adjective
mention,remained,noun
menu,added,noun
merchant,removed,noun
mercy,removed,noun
mere,remained,adjective
merely,added,adverb
merry,removed,adjective
mess,added,noun
message,remained,noun
messenger,removed,noun
metal,remained,noun
meter,added,noun
method,added,noun
middle,remained,noun
might,remained,other
mild,removed,adjective
mile,remained,noun
military,added,adjective
milk,remained,noun
mill,removed,noun
mind,remained,noun
mine,remained,noun
mineral,removed,noun
minimum,added,noun
minister,remained,noun
minor,added,noun
minority,added,noun
minute,remained,noun
mirror,added,noun
miserable,removed,adjective
misery,removed,noun
miss,remained,noun
mission,added,noun
mistake,remained,noun
mix,remained,noun
mixture,remained,noun
mobile,added,noun
mode,added,noun
model,remained,noun
moderate,remained,noun
moderation,removed,noun
modern,remained,adjective
modest,removed,adjective
modesty,removed,noun
modify,added,noun
module,added,noun
mom,added,noun
moment,remained,noun
momentary,removed,adjective
money,remained,noun
monitor,added,noun
monkey,removed,noun
month,remained,noun
monthly,added,adverb
mood,added,noun
moon,remained,noun
moonlight,removed,noun
moral,remained,adjective
more,remained,adverb
moreover,remained,adverb
morning,remained,noun
mortgage,added,noun
most,remained,adjective
mostly,added,adverb
mother,remained,noun
motherhood,removed,noun
motherly,removed,adverb
motion,remained,noun
motivate,added,noun
motivation,added,noun
motor,remained,noun
mount,added,noun
mountain,remained,noun
mouse,remained,noun
mouth,remained,noun
move,remained,noun
movement,added,noun
movie,added,noun
much,remained,adjective
mud,removed,noun
multiple,added,noun
multiplication,removed,noun
multiply,removed,noun
murder,remained,noun
muscle,added,noun
museum,added,noun
music,remained,noun
musical,added,adjective
musician,remained,noun
must,remained,other
mutual,added,adjective
myself,added,other
mystery,remained,noun
nail,removed,noun
name,remained,noun
narrative,added,adjective
narrow,remained,noun
nation,remained,noun
national,added,adjective
native,remained,adjective
natural,added,adjective
naturally,added,adverb
nature,remained,noun
near,remained,other
nearby,added,adverb
nearly,added,adverb
neat,removed,adjective
necessarily,added,adverb
necessary,remained,adjective
necessity,removed,noun
neck,remained,noun
need,remained,noun
needle,removed,noun
negative,added,adjective
neglect,remained,noun
negotiate,added,noun
negotiation,added,noun
neighbor,remained,noun
neighborhood,remained,noun
neither,remained,other
nephew,removed,noun
nerve,added,noun
nervous,added,adjective
nest,removed,noun
net,remained,noun
network,remained,noun
never,remained,adverb
nevertheless,added,adverb
new,remained,adjective
newly,added,adverb
news,remained,noun
newspaper,remained,noun
next,remained,adjective
nice,remained,adjective
niece,removed,noun
night,remained,noun
no,remained,other
noble,removed,adjective
nobody,remained,noun
noise,remained,noun
none,remained,noun
noon,removed,noun
nor,remained,other
normal,added,adjective
normally,added,adverb
north,remained,noun
northern,remained,adjective
nose,remained,noun
not,remained,adverb
note,remained,noun
notebook,removed,noun
nothing,remained,noun
notice,remained,noun
notion,added,noun
noun,remained,noun
novel,added,noun
now,remained,adverb
nowadays,remained,noun
nowhere,remained,adverb
nuclear,added,adjective
nuisance,removed,noun
number,remained,noun
numerous,remained,adjective
nurse,remained,noun
nursery,removed,noun
nut,removed,noun
oar,removed,noun
obedience,removed,noun
obedient,removed,adjective
obey,removed,noun
object,remained,noun
objection,removed,noun
objective,added,noun
obligation,added,noun
observation,added,noun
observe,remained,noun
obvious,added,adjective
obviously,added,adverb
occasion,remained,noun
occasionally,added,adverb
occupy,added,noun
occur,added,noun
ocean,remained,noun
odd,added,adjective
of,remained,other
off,remained,other
offend,removed,noun
offense,remained,noun
offer,remained,noun
office,remained,noun
officer,remained,noun
official,remained,noun
often,remained,adverb
oil,remained,noun
okay,added,noun
old,remained,adjective
old-fashioned,removed,adjective
omission,removed,noun
omit,removed,noun
on,remained,other
once,remained,adverb
one,remained,other
online,added,adjective
only,remained,adverb
onto,remained,other
open,remained,adjective
opera,added,noun
operate,remained,noun
operation,remained,noun
operator,remained,noun
opinion,remained,noun
opponent,added,noun
opportunity,remained,noun
oppose,remained,noun
opposite,remained,noun
opposition,remained,noun
option,added,noun
or,remained,other
orange,remained,noun
order,remained,noun
ordinary,remained,adjective
organ,removed,noun
organic,added,adjective
organization,added,noun
organize,remained,verb
origin,remained,noun
original,added,adjective
originally,added,adverb
ornament,removed,noun
other,remained,adjective
otherwise,remained,adverb
ought,remained,other
ounce,removed,noun
ourselves,added,noun
out,remained,other
outcome,added,noun
outline,remained,noun
output,added,noun
outside,remained,other
outward,removed,noun
over,remained,other
overall,added,adjective
overcome,remained,noun
overflow,removed,noun
overseas,added,adverb
owe,remained,noun
own,remained,adjective
owner,added,noun
ownership,remained,noun
pace,added,noun
pack,remained,noun
package,remained,noun
pad,removed,noun
page,remained,noun
pain,remained,noun
paint,remained,noun
pair,remained,noun
pale,remained,noun
pan,removed,noun
panel,added,noun
panic,added,noun
paper,remained,noun
paragraph,added,noun
parallel,added,noun
parcel,removed,noun
pardon,removed,noun
parent,remained,noun
park,remained,noun
part,remained,noun
participant,added,noun
participate,added,verb
participation,added,noun
particle,removed,noun
particular,remained,adjective
particularly,added,adverb
partly,added,adverb
partner,remained,noun
partnership,added,noun
party,remained,noun
pass,remained,noun
passage,remained,noun
passenger,remained,noun
passion,added,noun
past,remained,noun
paste,removed,noun
pastry,removed,noun
path,remained,noun
patience,removed,noun
patient,remained,noun
patriotic,removed,adjective
pattern,remained,noun
pause,remained,noun
paw,removed,noun
pay,remained,noun
payment,added,noun
peace,remained,noun
peak,added,noun
pearl,removed,noun
peculiar,removed,adjective
peer,added,noun
pen,remained,verb
penalty,added,noun
pencil,removed,noun
penny,removed,noun
pension,added,noun
people,remained,noun
per,remained,other
perceive,added,noun
percent,added,noun
percentage,added,noun
perception,added,noun
perfect,remained,noun
perfection,removed,noun
perfectly,added,adverb
perform,remained,noun
performance,remained,noun
perhaps,remained,adverb
period,added,noun
permanent,remained,noun
permission,remained,noun
permit,remained,noun
person,remained,noun
personal,added,adjective
personality,added,noun
personally,added,adverb
personnel,added,noun
perspective,added,noun
persuade,remained,noun
persuasion,removed,noun
pet,removed,noun
phase,added,noun
phenomenon,added,noun
philosophy,added,noun
phone,added,noun
photo,added,noun
photograph,remained,noun
photography,removed,noun
phrase,added,noun
physical,added,adjective
piano,added,noun
pick,remained,noun
picture,remained,noun
piece,remained,noun
pig,remained,noun
pigeon,removed,noun
pile,remained,noun
pilot,added,noun
pin,removed,noun
pinch,removed,noun
pink,remained,noun
pint,removed,noun
pipe,remained,noun
pitch,added,noun
pity,removed,noun
place,remained,noun
plain,remained,noun
plan,remained,noun
plane,added,noun
planet,added,noun
plant,remained,noun
plaster,removed,noun
plastic,added,noun
plate,remained,noun
platform,added,noun
play,remained,noun
player,added,noun
pleasant,remained,adjective
please,remained,noun
pleasure,remained,noun
plenty,remained,noun
plot,added,noun
plow,removed,noun
plural,removed,adjective
plus,added,other
pocket,remained,noun
poem,remained,noun
poet,remained,noun
poetry,added,noun
point,remained,noun
poison,removed,noun
police,remained,noun
policy,added,noun
polish,removed,verb
polite,removed,adjective
political,remained,adjective
politician,remained,noun
politics,remained,noun
poll,added,noun
pollution,added,noun
pool,remained,noun
poor,remained,adjective
pop,added,noun
popular,remained,adjective
population,remained,noun
port,added,noun
portion,added,noun
portrait,added,noun
pose,added,noun
position,remained,noun
positive,added,adjective
possess,remained,noun
possession,remained,noun
possessor,removed,noun
possibility,added,noun
possible,remained,adjective
possibly,added,adverb
post,remained,noun
postpone,removed,noun
pot,remained,noun
potato,added,noun
potential,added,adjective
potentially,added,adverb
pound,remained,noun
pour,remained,noun
poverty,remained,noun
powder,removed,noun
power,remained,noun
powerful,added,adjective
practical,remained,adjective
practice,remained,noun
praise,remained,noun
pray,remained,noun
preach,removed,noun
precious,removed,adjective
precise,added,adjective
precisely,added,adverb
predict,added,noun
prefer,remained,noun
preference,remained,noun
pregnancy,added,noun
pregnant,added,adjective
prejudice,removed,noun
premise,added,noun
preparation,added,noun
prepare,remained,noun
presence,remained,noun
present,remained,noun
presentation,added,noun
preserve,remained,noun
president,remained,noun
presidential,added,adjective
press,remained,noun
pressure,remained,noun
presumably,added,adverb
pretend,remained,noun
pretense,removed,noun
pretty,remained,adverb
prevent,remained,noun
prevention,removed,noun
previous,added,adjective
previously,added,adverb
price,remained,noun
pride,remained,noun
priest,removed,noun
primarily,added,adverb
primary,added,noun
prime,added,noun
principal,added,noun
principle,added,noun
print,remained,noun
printer,added,noun
prior,added,adjective
priority,added,noun
prison,remained,noun
prisoner,added,noun
private,remained,adjective
privilege,added,noun
prize,remained,noun
pro,added,noun
probability,added,noun
probable,removed,adjective
probably,added,adverb
problem,remained,noun
procedure,added,noun
proceed,added,noun
process,added,noun
procession,removed,noun
produce,remained,noun
producer,added,noun
product,remained,noun
production,remained,noun
profession,remained,noun
professional,added,adjective
professor,added,noun
profile,added,noun
profit,remained,noun
program,remained,noun
progress,remained,noun
project,added,noun
promise,remained,noun
promote,added,noun
promotion,added,noun
prompt,remained,noun
pronounce,removed,noun
pronunciation,removed,noun
proof,remained,noun
proper,remained,adjective
properly,added,adverb
property,remained,noun
proportion,added,noun
proposal,remained,noun
propose,remained,noun
prospect,added,noun
protect,remained,noun
protection,remained,noun
protein,added,noun
protest,added,noun
proud,remained,adjective
prove,remained,noun
provide,remained,noun
province,added,noun
provision,added,noun
psychological,added,adjective
pub,added,noun
public,remained,noun
publication,added,noun
publisher,added,noun
pull,remained,noun
pump,remained,noun
punctual,removed,adjective
punish,removed,noun
pupil,remained,noun
purchase,added,noun
pure,remained,adjective
purple,removed,noun
purpose,remained,noun
pursue,added,noun
push,remained,noun
put,remained,noun
puzzle,removed,noun
qualification,remained,noun
qualify,remained,verb
quality,remained,noun
quantity,remained,noun
quarrel,removed,noun
quart,removed,noun
quarter,remained,noun
queen,removed,noun
question,remained,noun
quick,remained,noun
quickly,added,adverb
quiet,remained,adjective
quietly,added,adverb
quite,remained,adverb
quote,added,noun
rabbit,removed,noun
race,remained,noun
racial,added,adjective
radical,added,adjective
radio,remained,noun
rail,remained,noun
railroad,removed,noun
rain,remained,noun
raise,remained,noun
rake,removed,noun
random,added,adjective
range,added,noun
rank,remained,noun
rapid,remained,adjective
rapidly,added,adverb
rare,remained,adjective
rarely,added,adverb
rat,added,noun
rate,remained,noun
rather,remained,adverb
ratio,added,noun
raw,remained,noun
ray,removed,noun
razor,removed,noun
reach,remained,noun
react,added,noun
reaction,added,noun
read,remained,noun
reader,added,noun
ready,remained,adjective
real,remained,adjective
reality,added,noun
realize,remained,verb
really,added,adverb
rear,added,noun
reason,remained,noun
reasonable,remained,adjective
reasonably,added,adverb
recall,added,noun
receipt,removed,noun
receive,remained,noun
recent,remained,adjective
recently,added,adverb
reckon,added,noun
recognition,remained,noun
recognize,remained,verb
recommend,remained,noun
recommendation,added,noun
record,remained,noun
recover,added,noun
recovery,added,noun
recruit,added,noun
red,remained,adjective
redden,removed,noun
reduce,remained,verb
reduction,remained,noun
refer,remained,noun
reference,remained,noun
reflect,remained,noun
reflection,remained,noun
reform,added,noun
refresh,removed,noun
refugee,added,noun
refuse,remained,noun
regard,remained,noun
regardless,added,adverb
region,added,noun
regional,added,adjective
register,added,noun
registration,added,noun
regret,remained,noun
regular,remained,adjective
regularly,added,adverb
regulate,added,noun
regulation,added,noun
reject,added,noun
rejoice,removed,noun
relate,remained,noun
relation,remained,noun
relationship,added,noun
relative,remained,noun
relatively,added,adverb
relax,added,noun
release,added,noun
relevant,added,adjective
reliable,added,adjective
relief,remained,noun
relieve,removed,noun
religion,remained,noun
religious,added,adjective
rely,added,verb
remain,remained,noun
remark,remained,noun
remarkable,added,adjective
remedy,removed,noun
remember,remained,verb
remind,remained,noun
remote,added,noun
remove,added,verb
rent,remained,noun
repair,remained,noun
repeat,remained,noun
repetition,removed,noun
replace,remained,verb
reply,remained,noun
report,remained,noun
reporter,added,noun
represent,remained,noun
representation,added,noun
representative,remained,noun
reproduce,removed,noun
reproduction,removed,noun
republic,removed,noun
reputation,remained,noun
request,remained,noun
require,added,noun
requirement,added,noun
rescue,remained,noun
research,added,noun
researcher,added,noun
reserve,remained,noun
resident,added,noun
resign,remained,noun
resist,remained,noun
resistance,remained,noun
resolution,added,noun
resolve,added,noun
resort,added,noun
resource,added,noun
respect,remained,noun
respectively,added,adverb
respond,added,noun
response,added,noun
responsibility,added,noun
responsible,remained,adjective
rest,remained,noun
restaurant,remained,noun
restore,added,noun
restrict,added,noun
restriction,added,noun
result,remained,noun
retail,added,noun
retain,added,noun
retire,remained,noun
retirement,added,noun
return,remained,noun
reveal,added,noun
revenge,removed,noun
revenue,added,noun
reverse,added,noun
review,remained,noun
revise,added,noun
revolution,added,noun
reward,remained,noun
ribbon,removed,noun
rice,remained,noun
rich,remained,adjective
rid,remained,verb
ride,remained,noun
right,remained,noun
ring,remained,noun
ripe,removed,adjective
ripen,removed,verb
rise,remained,noun
risk,remained,noun
rival,remained,noun
rivalry,removed,noun
river,remained,noun
road,remained,noun
roar,removed,noun
roast,removed,noun
rob,removed,noun
robbery,removed,noun
rock,remained,noun
rod,removed,noun
role,added,noun
roll,remained,noun
romantic,added,adjective
roof,remained,noun
room,remained,noun
root,remained,noun
rope,removed,noun
rose,added,verb
rot,removed,noun
rotten,removed,verb
rough,remained,noun
roughly,added,adverb
round,remained,noun
route,added,noun
routine,added,noun
row,remained,noun
royal,remained,noun
royalty,removed,noun
rub,removed,noun
rubber,removed,noun
rubbish,removed,noun
rude,removed,adjective
rug,removed,noun
ruin,remained,noun
rule,remained,noun
run,remained,verb
rural,added,adjective
rush,remained,noun
rust,removed,noun
sacred,removed,verb
sacrifice,removed,noun
sad,remained,adjective
sadden,removed,noun
saddle,removed,noun
safe,remained,adjective
safety,remained,noun
sail,remained,noun
sailor,removed,noun
sake,remained,noun
salary,remained,noun
sale,remained,noun
salesman,removed,noun
salt,remained,noun
same,remained,adjective
sample,remained,noun
sanction,added,noun
sand,remained,noun
satisfaction,remained,noun
satisfactory,removed,adjective
satisfy,remained,noun
sauce,removed,noun
saucer,removed,noun
save,remained,verb
saw,removed,noun
say,remained,verb
scale,remained,noun
scan,added,noun
scarce,removed,noun
scare,added,noun
scatter,removed,noun
scene,remained,noun
scenery,removed,noun
scent,removed,noun
schedule,added,noun
scheme,added,noun
scholar,added,noun
school,remained,noun
science,remained,noun
scientific,remained,adjective
scientist,remained,noun
scissors,removed,noun
scold,removed,noun
scope,added,noun
score,added,noun
scorn,removed,noun
scrape,removed,noun
scratch,removed,noun
scream,added,noun
screen,remained,noun
screw,removed,noun
sea,remained,noun
seal,added,noun
search,remained,noun
season,remained,noun
seat,remained,noun
second,remained,adjective
secondary,added,adjective
secondly,added,adverb
secrecy,removed,noun
secret,remained,noun
secretary,remained,noun
section,added,noun
sector,added,noun
secure,added,noun
security,added,noun
see,remained,verb
seed,remained,noun
seek,added,noun
seem,remained,noun
segment,added,noun
seize,removed,noun
seldom,removed,adverb
select,added,noun
selection,added,noun
self,remained,noun
selfish,removed,adjective
sell,remained,noun
send,remained,noun
senior,added,adjective
sense,remained,noun
sensitive,remained,adjective
sentence,remained,noun
separate,remained,adjective
separation,removed,noun
sequence,added,noun
series,added,noun
serious,remained,adjective
seriously,added,adverb
servant,remained,noun
serve,remained,noun
server,added,noun
service,remained,noun
session,added,noun
set,remained,noun
settle,remained,verb
settlement,added,noun
several,remained,adjective
severe,remained,adjective
sew,removed,noun
sex,added,noun
sexual,added,adjective
shade,remained,noun
shadow,remained,noun
shake,remained,noun
shall,remained,other
shallow,removed,noun
shame,removed,noun
shape,remained,noun
share,remained,noun
shareholder,added,noun
sharp,remained,adjective
sharpen,removed,verb
shave,removed,noun
she,remained,other
sheep,remained,noun
sheet,remained,noun
shelf,remained,noun
shell,remained,noun
shelter,remained,noun
shield,removed,noun
shift,added,noun
shilling,removed,noun
shine,remained,noun
ship,remained,noun
shirt,remained,noun
shock,remained,noun
shoe,remained,noun
shoot,remained,noun
shop,remained,noun
shore,remained,noun
short,remained,adjective
shorten,removed,noun
shot,added,noun
should,remained,other
shoulder,remained,noun
shout,remained,noun
show,remained,noun
shower,remained,noun
shut,remained,noun
sick,remained,noun
side,remained,noun
sigh,added,noun
sight,remained,noun
sign,remained,noun
signal,remained,noun
signature,removed,noun
significance,added,noun
significant,added,adjective
significantly,added,adverb
silence,remained,noun
silent,remained,adjective
silk,removed,noun
silly,added,adjective
silver,remained,noun
similar,added,adjective
similarly,added,adverb
simple,remained,noun
simplicity,removed,noun
simply,added,adverb
since,remained,other
sincere,removed,adjective
sing,remained,verb
singer,added,noun
single,remained,adjective
sink,remained,noun
sir,remained,noun
sister,remained,noun
sit,remained,noun
site,added,noun
situate,added,noun
situation,remained,noun
size,remained,noun
ski,added,noun
skill,remained,noun
skin,remained,noun
skirt,remained,noun
sky,remained,noun
slave,remained,noun
slavery,removed,noun
sleep,remained,noun
slice,added,noun
slide,remained,noun
slight,remained,noun
slightly,added,adverb
slip,remained,noun
slippery,removed,adjective
slope,remained,noun
slow,remained,verb
slowly,added,adverb
small,remained,adjective
smart,added,noun
smell,remained,noun
smile,remained,noun
smoke,remained,noun
smooth,remained,noun
snake,removed,noun
snap,added,noun
snow,remained,noun
so,remained,adverb
soap,removed,noun
social,remained,adjective
society,remained,noun
sock,removed,noun
soft,remained,adjective
soften,removed,noun
software,added,noun
soil,remained,noun
solar,added,adjective
soldier,remained,noun
solemn,removed,adjective
solid,remained,adjective
solution,remained,noun
solve,remained,noun
some,remained,other
somebody,remained,noun
somehow,remained,adverb
someone,remained,noun
something,remained,noun
sometime,removed,adverb
sometimes,remained,adverb
somewhat,added,adverb
somewhere,remained,adverb
son,remained,noun
song,remained,noun
soon,remained,adverb
sore,removed,noun
sorrow,removed,noun
sorry,remained,adjective
sort,remained,noun
soul,remained,noun
sound,remained,noun
soup,removed,noun
sour,removed,noun
source,added,noun
south,remained,noun
southern,added,adjective
sow,removed,noun
space,remained,noun
spade,removed,noun
spare,remained,noun
speak,remained,noun
speaker,added,noun
special,remained,adjective
specialist,added,noun
specialize,added,verb
species,added,noun
specific,added,adjective
specifically,added,adverb
specify,added,noun
speech,remained,noun
speed,remained,noun
spell,remained,noun
spend,remained,noun
spill,removed,noun
spin,remained,noun
spirit,remained,noun
spit,removed,noun
spite,removed,noun
splendid,removed,adjective
split,remained,noun
spoil,removed,noun
sponsor,added,noun
spoon,removed,noun
sport,remained,noun
spot,remained,noun
spread,remained,noun
spring,remained,noun
square,remained,noun
stability,added,noun
stable,added,adjective
staff,remained,noun
stage,remained,noun
stain,remained,noun
stair,remained,noun
stake,added,noun
stamp,remained,noun
stand,remained,noun
standard,remained,noun
star,remained,noun
stare,added,noun
start,remained,noun
state,remained,noun
statement,added,noun
station,remained,noun
statistic,added,noun
status,added,noun
stay,remained,noun
steady,remained,adjective
steal,added,noun
steam,removed,noun
steel,remained,noun
steep,removed,noun
steer,removed,noun
stem,remained,noun
step,remained,noun
stick,remained,noun
stiff,removed,noun
stiffen,removed,noun
still,remained,adverb
stimulate,added,noun
sting,removed,verb
stir,remained,noun
stock,remained,noun
stocking,removed,noun
stomach,remained,noun
stone,remained,noun
stop,remained,noun
storage,added,noun
store,remained,noun
storm,remained,noun
story,remained,noun
stove,removed,noun
straight,remained,noun
straighten,removed,noun
strain,added,noun
strange,remained,adjective
stranger,added,noun
strap,removed,noun
strategy,added,noun
straw,removed,noun
stream,remained,noun
street,remained,noun
strength,remained,noun
strengthen,remained,noun
stress,added,noun
stretch,remained,noun
strict,remained,adjective
strike,remained,noun
string,remained,noun
strip,remained,noun
stripe,removed,noun
stroke,remained,noun
strong,remained,adjective
strongly,added,adverb
structural,added,adjective
structure,added,noun
struggle,remained,noun
student,remained,noun
studio,added,noun
study,remained,noun
stuff,remained,noun
stupid,remained,adjective
style,added,noun
subject,remained,noun
submit,added,noun
subsequent,added,adjective
subsequently,added,adverb
substance,remained,noun
substantial,added,adjective
substitute,added,noun
succeed,remained,verb
success,remained,noun
successful,added,adjective
successfully,added,adverb
such,remained,adjective
suck,removed,noun
sudden,remained,adjective
suddenly,added,adverb
suffer,remained,noun
sufficient,added,adjective
sugar,remained,noun
suggest,remained,noun
suggestion,remained,noun
suit,remained,noun
suitable,added,adjective
sum,added,noun
summarize,added,verb
summary,added,noun
summer,remained,noun
sun,remained,noun
supper,removed,noun
supplement,added,noun
supplier,added,noun
supply,remained,noun
support,remained,noun
supporter,added,noun
suppose,remained,noun
sure,remained,noun
surely,added,adverb
surface,remained,noun
surgery,added,noun
surprise,remained,noun
surprisingly,added,adverb
surround,remained,noun
survey,added,noun
survival,added,noun
survive,added,noun
suspect,remained,noun
suspend,added,noun
suspicion,removed,noun
suspicious,removed,adjective
sustain,added,noun
swallow,removed,noun
swear,remained,noun
sweat,removed,noun
sweep,remained,noun
sweet,remained,noun
sweeten,removed,noun
swell,removed,noun
swim,remained,noun
swing,remained,verb
switch,added,noun
sword,removed,noun
symbol,added,noun
sympathetic,removed,adjective
sympathy,removed,noun
symptom,added,noun
system,remained,noun
table,remained,noun
tackle,added,noun
tail,remained,noun
tailor,removed,noun
take,remained,verb
tale,added,noun
talent,added,noun
talk,remained,noun
tall,remained,noun
tame,removed,noun
tank,added,noun
tap,remained,noun
tape,added,noun
target,added,noun
task,added,noun
taste,remained,noun
tax,remained,noun
taxi,remained,noun
tea,remained,noun
teach,remained,noun
teacher,added,noun
team,added,noun
tear,remained,noun
technical,added,adjective
technique,added,noun
technology,added,noun
teenager,added,noun
telegraph,removed,noun
telephone,remained,noun
television,added,noun
tell,remained,noun
temper,removed,noun
temperature,remained,noun
temple,removed,noun
temporary,added,adjective
tempt,removed,noun
tend,remained,noun
tendency,added,noun
tender,remained,noun
tennis,added,noun
tension,added,noun
tent,remained,noun
term,remained,noun
terrible,remained,adjective
territory,added,noun
terrorist,added,noun
test,remained,noun
text,added,noun
than,remained,other
thank,remained,noun
that,remained,other
the,remained,other
theater,remained,noun
theatrical,removed,adjective
theme,added,noun
themselves,added,other
then,remained,adverb
theoretical,added,adjective
theory,added,noun
therapy,added,noun
there,remained,adverb
therefore,remained,adverb
these,removed,other
they,remained,other
thick,remained,noun
thicken,removed,noun
thief,removed,noun
thin,remained,noun
thing,remained,noun
think,remained,noun
thirst,remained,noun
this,remained,other
thorn,removed,noun
thorough,removed,adjective
those,removed,other
though,remained,other
thread,removed,noun
threat,remained,noun
threaten,remained,noun
throat,remained,noun
through,remained,other
throughout,added,other
throw,remained,noun
thumb,removed,noun
thunder,removed,noun
thus,remained,adverb
ticket,remained,noun
tide,removed,noun
tidy,removed,noun
tie,remained,noun
tight,remained,noun
tighten,removed,noun
till,remained,noun
time,remained,noun
tin,removed,noun
tiny,added,adjective
tip,remained,noun
tire,remained,noun
tissue,added,noun
title,remained,noun
to,remained,other
tobacco,removed,noun
today,remained,noun
toe,removed,noun
together,remained,adverb
tomorrow,remained,noun
ton,removed,noun
tone,added,noun
tongue,remained,noun
tonight,remained,noun
too,remained,adverb
tool,remained,noun
tooth,remained,noun
top,remained,noun
topic,added,noun
total,remained,adjective
totally,added,adverb
touch,remained,noun
tough,remained,adjective
tour,remained,noun
tourism,added,noun
tourist,added,noun
tournament,added,noun
toward,remained,other
towel,removed,noun
tower,remained,noun
town,remained,noun
toy,remained,noun
trace,added,noun
track,remained,noun
trade,remained,noun
tradition,added,noun
traditional,added,adjective
traffic,added,noun
trail,added,noun
train,remained,noun
transfer,added,noun
transform,added,noun
transition,added,noun
translate,remained,noun
translation,removed,noun
translator,removed,noun
transport,added,noun
transportation,added,noun
trap,remained,noun
travel,remained,noun
tray,removed,noun
treasure,removed,noun
treasury,removed,noun
treat,remained,noun
treatment,added,noun
tree,remained,noun
tremble,removed,noun
trend,added,noun
trial,remained,noun
tribe,removed,noun
trick,remained,noun
trigger,added,noun
trip,remained,noun
troop,added,noun
trouble,remained,noun
truck,added,noun
true,remained,adjective
truly,added,adverb
trunk,removed,noun
trust,remained,noun
truth,remained,noun
try,remained,noun
tube,remained,noun
tune,remained,noun
turn,remained,noun
twice,added,adverb
twin,added,noun
twist,remained,noun
type,remained,noun
typical,added,adjective
typically,added,adverb
ugly,remained,adjective
ultimately,added,adverb
umbrella,removed,noun
unable,added,adjective
uncertainty,added,noun
uncle,remained,noun
unclear,added,adjective
under,remained,other
undergo,added,noun
underlie,added,noun
underneath,removed,adverb
understand,remained,noun
undertake,added,noun
unemployment,added,noun
unfortunately,added,adverb
uniform,added,noun
union,remained,noun
unique,added,adjective
unit,remained,noun
unite,remained,verb
unity,removed,noun
universal,remained,noun
universe,remained,noun
university,remained,noun
unknown,added,adjective
unless,remained,other
unlike,added,other
unlikely,added,adjective
until,remained,other
unusual,added,adjective
up,remained,adverb
update,added,noun
upon,remained,other
upper,remained,adjective
uppermost,removed,noun
upright,removed,adjective
upset,remained,noun
urban,added,adjective
urge,remained,noun
urgent,removed,adjective
use,remained,noun
useful,added,adjective
user,added,noun
usual,remained,adjective
usually,added,adverb
vain,removed,adjective
valley,remained,noun
valuable,remained,adjective
value,remained,noun
van,added,noun
variable,added,adjective
variation,added,noun
variety,remained,noun
various,remained,adjective
vary,added,noun
vast,added,adjective
vegetable,added,noun
vehicle,added,noun
veil,removed,noun
venture,added,noun
verb,remained,noun
verse,removed,noun
version,added,noun
versus,added,noun
very,remained,adverb
vessel,remained,noun
veteran,added,noun
via,added,other
vice,added,noun
victim,added,noun
victory,remained,noun
video,added,noun
view,remained,noun
village,remained,noun
violence,remained,noun
violent,remained,adjective
virtually,added,adverb
virtue,removed,noun
virus,added,noun
visible,added,adjective
vision,added,noun
visit,remained,noun
visitor,remained,noun
visual,added,adjective
vital,added,adjective
voice,remained,noun
volume,added,noun
voluntary,added,adjective
volunteer,added,noun
vote,remained,noun
voter,added,noun
vowel,removed,noun
voyage,removed,noun
wage,remained,noun
waist,removed,noun
wait,remained,noun
waiter,removed,noun
wake,remained,noun
walk,remained,noun
wall,remained,noun
wander,remained,noun
want,remained,noun
war,remained,noun
warm,remained,noun
warmth,removed,noun
warn,remained,noun
wash,remained,noun
waste,remained,noun
watch,remained,noun
water,remained,noun
wave,remained,noun
wax,removed,noun
way,remained,noun
we,remained,other
weak,remained,adjective
weaken,removed,noun
weakness,added,noun
wealth,remained,noun
wealthy,added,adjective
weapon,remained,noun
wear,remained,noun
weather,remained,noun
weave,removed,noun
web,added,noun
website,added,noun
wed,added,noun
weed,removed,noun
week,remained,noun
weekday,removed,noun
weekend,remained,noun
weekly,added,adjective
weigh,remained,noun
weight,remained,noun
weird,added,noun
welcome,remained,noun
welfare,added,noun
well,remained,adverb
west,remained,noun
western,remained,adjective
wet,remained,noun
what,remained,other
whatever,remained,other
wheat,removed,noun
wheel,remained,noun
when,remained,other
whenever,remained,noun
where,remained,other
whereas,added,noun
wherever,remained,adverb
whether,remained,other
which,remained,other
whichever,removed,noun
while,remained,other
whilst,added,noun
whip,removed,noun
whisper,remained,noun
whistle,removed,noun
white,remained,adjective
whiten,removed,noun
who,remained,other
whoever,removed,noun
whole,remained,adjective
whom,removed,other
whose,removed,other
why,remained,other
wicked,removed,verb
wide,remained,adjective
widely,added,adverb
widen,removed,noun
widow,removed,noun
widower,removed,noun
width,removed,noun
wife,remained,noun
wild,remained,noun
will,remained,other
win,remained,noun
wind,remained,noun
window,remained,noun
wine,remained,noun
wing,remained,verb
winner,added,noun
winter,remained,noun
wipe,remained,noun
wire,remained,noun
wisdom,removed,noun
wise,remained,noun
wish,remained,noun
with,remained,other
withdraw,added,noun
within,remained,other
without,remained,other
witness,remained,noun
woman,remained,noun
wonder,remained,noun
wonderful,added,adjective
wood,remained,noun
wooden,remained,adjective
wool,removed,noun
woolen,removed,noun
word,remained,noun
work,remained,noun
worker,added,noun
world,remained,noun
worm,removed,noun
worry,remained,noun
worse,removed,adjective
worship,removed,noun
worth,remained,noun
would,remained,other
wound,remained,noun
wrap,remained,noun
wreck,removed,noun
wrist,removed,noun
write,remained,noun
writer,added,noun
wrong,remained,adjective
yard,remained,noun
yeah,added,other
year,remained,noun
yellow,remained,noun
yes,remained,noun
yesterday,remained,noun
yet,remained,adverb
yield,remained,noun
you,remained,other
young,remained,adjective
yourself,added,other
youth,remained,noun
zero,removed,noun
zone,added,noun